copy_asset,copy
Form headline,Read the dollar before you read the asset.
Form subhead,"Get the USD Impact weekly checklist for reading dollar direction, real rates and liquidity stress."
Button,Send me the checklist
Privacy microcopy,You will receive educational USD Impact material. No spam. No investment advice.
Delivery email subject,Your USD Impact Weekly Dollar Regime Checklist
Delivery email body,"Here is your checklist. Use it as a weekly sequence: USD direction, real rates, liquidity stress, then asset translation. Educational only; not a signal or recommendation."
Follow-up email subject 1,"The mistake: reading oil, gold or Bitcoin before reading the dollar"
Follow-up email subject 2,DXY is useful. It is not the whole dollar regime.
Follow-up email subject 3,"The three dials: USD, real rates and liquidity stress"
